{
    "version": 5,
    "entities": [
        {
            "entity": {
                "type": "Project",
                "id": "347a5526-b28e-4ed0-8aa0-ece5ee824719",
                "name": "Click"
            },
            "children": [
                {
                    "entity": {
                        "type": "Request",
                        "method": {
                            "link": "http://tools.ietf.org/html/rfc7231#section-4.3.1",
                            "name": "GET"
                        },
                        "body": {
                            "formBody": {
                                "overrideContentType": true,
                                "encoding": "application/x-www-form-urlencoded",
                                "items": []
                            },
                            "bodyType": "Text",
                            "autoSetLength": true
                        },
                        "headersType": "Form",
                        "uri": {
                            "scheme": {
                                "secure": true,
                                "name": "https",
                                "version": "V11"
                            }
                        },
                        "id": "039eb56e-1983-4629-9920-79c2c69b79c0",
                        "name": "Request 1",
                        "headers": [],
                        "parentId": "347a5526-b28e-4ed0-8aa0-ece5ee824719"
                    }
                }
            ]
        },
        {
            "entity": {
                "type": "Project",
                "id": "189e9bf2-59bb-4ef5-8e0a-6101f9fa63ab",
                "name": "Shopping Cart Api"
            },
            "children": [
                {
                    "entity": {
                        "type": "Service",
                        "description": "Cutomers Crud Operation\n",
                        "id": "529ce726-fc8f-44db-a374-e4e1265baa40",
                        "name": "Customers",
                        "parentId": "189e9bf2-59bb-4ef5-8e0a-6101f9fa63ab"
                    },
                    "children": [
                        {
                            "entity": {
                                "type": "Request",
                                "method": {
                                    "link": "http://tools.ietf.org/html/rfc7231#section-4.3.5",
                                    "name": "DELETE"
                                },
                                "body": {
                                    "formBody": {
                                        "overrideContentType": true,
                                        "encoding": "application/x-www-form-urlencoded",
                                        "items": []
                                    },
                                    "bodyType": "Text",
                                    "autoSetLength": true
                                },
                                "headersType": "Form",
                                "uri": {
                                    "query": {
                                        "delimiter": "&",
                                        "items": []
                                    },
                                    "scheme": {
                                        "name": "http",
                                        "version": "V11"
                                    },
                                    "host": "localhost:3000",
                                    "path": "/api/v1/products/1"
                                },
                                "id": "85797754-225d-4070-b4bc-02aee490f8ab",
                                "name": "DELETE /api/v1/customers/1",
                                "headers": [],
                                "parentId": "529ce726-fc8f-44db-a374-e4e1265baa40"
                            }
                        },
                        {
                            "entity": {
                                "type": "Request",
                                "method": {
                                    "link": "http://tools.ietf.org/html/rfc7231#section-4.3.1",
                                    "name": "GET"
                                },
                                "body": {
                                    "formBody": {
                                        "overrideContentType": true,
                                        "encoding": "application/x-www-form-urlencoded",
                                        "items": []
                                    },
                                    "bodyType": "Text",
                                    "autoSetLength": true
                                },
                                "headersType": "Form",
                                "uri": {
                                    "query": {
                                        "delimiter": "&",
                                        "items": []
                                    },
                                    "scheme": {
                                        "name": "http",
                                        "version": "V11"
                                    },
                                    "host": "localhost:3000",
                                    "path": "/api/v1/customers"
                                },
                                "id": "8230f22c-a5d0-489b-967e-6fabe63bed64",
                                "name": "GET /api/v1/customers",
                                "headers": [],
                                "parentId": "529ce726-fc8f-44db-a374-e4e1265baa40"
                            }
                        },
                        {
                            "entity": {
                                "type": "Request",
                                "method": {
                                    "link": "http://tools.ietf.org/html/rfc7231#section-4.3.1",
                                    "name": "GET"
                                },
                                "body": {
                                    "formBody": {
                                        "overrideContentType": true,
                                        "encoding": "application/x-www-form-urlencoded",
                                        "items": []
                                    },
                                    "bodyType": "Text",
                                    "autoSetLength": true
                                },
                                "headersType": "Form",
                                "uri": {
                                    "query": {
                                        "delimiter": "&",
                                        "items": []
                                    },
                                    "scheme": {
                                        "name": "http",
                                        "version": "V11"
                                    },
                                    "host": "localhost:3000",
                                    "path": "/api/v1/products/2"
                                },
                                "id": "535b6dec-468f-466b-8178-963613881410",
                                "name": "GET /api/v1/customers/1",
                                "headers": [],
                                "parentId": "529ce726-fc8f-44db-a374-e4e1265baa40"
                            }
                        },
                        {
                            "entity": {
                                "type": "Request",
                                "method": {
                                    "requestBody": true,
                                    "link": "http://tools.ietf.org/html/rfc7231#section-4.3.3",
                                    "name": "POST"
                                },
                                "body": {
                                    "formBody": {
                                        "overrideContentType": true,
                                        "encoding": "application/x-www-form-urlencoded",
                                        "items": [
                                            {
                                                "enabled": true,
                                                "type": "Text",
                                                "name": "FirstName",
                                                "value": "Athavullah"
                                            },
                                            {
                                                "enabled": true,
                                                "type": "Text",
                                                "name": "LastName",
                                                "value": "Atulassan"
                                            },
                                            {
                                                "enabled": true,
                                                "type": "Text",
                                                "name": "UserName",
                                                "value": "atulassan007"
                                            },
                                            {
                                                "enabled": true,
                                                "type": "Text",
                                                "name": "PassWord",
                                                "value": "atulassan007"
                                            },
                                            {
                                                "enabled": true,
                                                "type": "Text",
                                                "name": "Phone",
                                                "value": "9876543210"
                                            },
                                            {
                                                "enabled": true,
                                                "type": "Text",
                                                "name": "Email",
                                                "value": "atulassan007@gmail.com"
                                            },
                                            {
                                                "enabled": true,
                                                "type": "Text",
                                                "name": "Status",
                                                "value": "1"
                                            }
                                        ]
                                    },
                                    "bodyType": "Form",
                                    "autoSetLength": true
                                },
                                "headersType": "Form",
                                "uri": {
                                    "query": {
                                        "delimiter": "&",
                                        "items": []
                                    },
                                    "scheme": {
                                        "name": "http",
                                        "version": "V11"
                                    },
                                    "host": "localhost:3000",
                                    "path": "/api/v1/customers"
                                },
                                "id": "14278019-1cb1-4b5f-aeb3-eb53ebf3ed2e",
                                "name": "POST /api/v1/customers",
                                "headers": [
                                    {
                                        "enabled": true,
                                        "name": "Content-Type",
                                        "value": "application/x-www-form-urlencoded"
                                    }
                                ],
                                "parentId": "529ce726-fc8f-44db-a374-e4e1265baa40"
                            }
                        },
                        {
                            "entity": {
                                "type": "Request",
                                "method": {
                                    "requestBody": true,
                                    "link": "http://tools.ietf.org/html/rfc7231#section-4.3.4",
                                    "name": "PUT"
                                },
                                "body": {
                                    "formBody": {
                                        "overrideContentType": true,
                                        "encoding": "application/x-www-form-urlencoded",
                                        "items": [
                                            {
                                                "enabled": true,
                                                "type": "Text",
                                                "name": "FirstName",
                                                "value": "Athavullah1"
                                            },
                                            {
                                                "enabled": true,
                                                "type": "Text",
                                                "name": "LastName",
                                                "value": "Atulassan"
                                            },
                                            {
                                                "enabled": true,
                                                "type": "Text",
                                                "name": "UserName",
                                                "value": "atulassan007"
                                            },
                                            {
                                                "enabled": true,
                                                "type": "Text",
                                                "name": "PassWord",
                                                "value": "atul19c!@#"
                                            },
                                            {
                                                "enabled": true,
                                                "type": "Text",
                                                "name": "Phone",
                                                "value": "9876543210"
                                            },
                                            {
                                                "enabled": true,
                                                "type": "Text",
                                                "name": "Email",
                                                "value": "atulassan007@gmail.com"
                                            },
                                            {
                                                "enabled": true,
                                                "type": "Text",
                                                "name": "Status",
                                                "value": "1"
                                            }
                                        ]
                                    },
                                    "bodyType": "Form",
                                    "autoSetLength": true
                                },
                                "headersType": "Form",
                                "uri": {
                                    "query": {
                                        "delimiter": "&",
                                        "items": []
                                    },
                                    "scheme": {
                                        "name": "http",
                                        "version": "V11"
                                    },
                                    "host": "localhost:3000",
                                    "path": "/api/v1/customers/1"
                                },
                                "id": "fedab7cd-7b4d-4ace-b3b1-8da51468ba9a",
                                "name": "PUT /api/v1/customers/1",
                                "headers": [
                                    {
                                        "enabled": true,
                                        "name": "Content-Type",
                                        "value": "application/x-www-form-urlencoded"
                                    }
                                ],
                                "parentId": "529ce726-fc8f-44db-a374-e4e1265baa40"
                            }
                        }
                    ]
                },
                {
                    "entity": {
                        "type": "Service",
                        "description": "Product Api",
                        "id": "03fa7d16-d2fc-413d-9347-17fab81c3022",
                        "name": "Products",
                        "parentId": "189e9bf2-59bb-4ef5-8e0a-6101f9fa63ab"
                    },
                    "children": [
                        {
                            "entity": {
                                "type": "Request",
                                "method": {
                                    "link": "http://tools.ietf.org/html/rfc7231#section-4.3.5",
                                    "name": "DELETE"
                                },
                                "body": {
                                    "formBody": {
                                        "overrideContentType": true,
                                        "encoding": "application/x-www-form-urlencoded",
                                        "items": []
                                    },
                                    "bodyType": "Text",
                                    "autoSetLength": true
                                },
                                "headersType": "Form",
                                "uri": {
                                    "query": {
                                        "delimiter": "&",
                                        "items": []
                                    },
                                    "scheme": {
                                        "name": "http",
                                        "version": "V11"
                                    },
                                    "host": "localhost:3000",
                                    "path": "/api/v1/products/1"
                                },
                                "id": "f85e6344-5099-42a1-b6d5-5137976c05d6",
                                "name": "DELETE /api/v1/products/1",
                                "headers": [],
                                "parentId": "03fa7d16-d2fc-413d-9347-17fab81c3022"
                            }
                        },
                        {
                            "entity": {
                                "type": "Request",
                                "method": {
                                    "link": "http://tools.ietf.org/html/rfc7231#section-4.3.1",
                                    "name": "GET"
                                },
                                "body": {
                                    "formBody": {
                                        "overrideContentType": true,
                                        "encoding": "application/x-www-form-urlencoded",
                                        "items": []
                                    },
                                    "bodyType": "Text",
                                    "autoSetLength": true
                                },
                                "headersType": "Form",
                                "uri": {
                                    "query": {
                                        "delimiter": "&",
                                        "items": []
                                    },
                                    "scheme": {
                                        "name": "http",
                                        "version": "V11"
                                    },
                                    "host": "localhost:3000",
                                    "path": "/api/v1/products"
                                },
                                "id": "4e178951-1e26-4ef1-9e0f-29cd74fa7ad5",
                                "name": "GET /api/v1/products/",
                                "headers": [],
                                "parentId": "03fa7d16-d2fc-413d-9347-17fab81c3022"
                            }
                        },
                        {
                            "entity": {
                                "type": "Request",
                                "method": {
                                    "link": "http://tools.ietf.org/html/rfc7231#section-4.3.1",
                                    "name": "GET"
                                },
                                "body": {
                                    "formBody": {
                                        "overrideContentType": true,
                                        "encoding": "application/x-www-form-urlencoded",
                                        "items": []
                                    },
                                    "bodyType": "Text",
                                    "autoSetLength": true
                                },
                                "headersType": "Form",
                                "uri": {
                                    "query": {
                                        "delimiter": "&",
                                        "items": []
                                    },
                                    "scheme": {
                                        "name": "http",
                                        "version": "V11"
                                    },
                                    "host": "localhost:3000",
                                    "path": "/api/v1/products/3"
                                },
                                "id": "30511128-2988-4222-a9e1-f54a4ef56e1d",
                                "name": "GET /api/v1/products/1",
                                "headers": [],
                                "parentId": "03fa7d16-d2fc-413d-9347-17fab81c3022"
                            }
                        },
                        {
                            "entity": {
                                "type": "Request",
                                "method": {
                                    "requestBody": true,
                                    "link": "http://tools.ietf.org/html/rfc7231#section-4.3.3",
                                    "name": "POST"
                                },
                                "body": {
                                    "formBody": {
                                        "overrideContentType": true,
                                        "encoding": "application/x-www-form-urlencoded",
                                        "items": [
                                            {
                                                "enabled": true,
                                                "type": "Text",
                                                "name": "cid",
                                                "value": "2"
                                            },
                                            {
                                                "enabled": true,
                                                "type": "Text",
                                                "name": "sku",
                                                "value": "002"
                                            },
                                            {
                                                "enabled": true,
                                                "type": "Text",
                                                "name": "name",
                                                "value": "Product2"
                                            },
                                            {
                                                "enabled": true,
                                                "type": "Text",
                                                "name": "description",
                                                "value": "TEstin Testin Testig Testing Testing"
                                            },
                                            {
                                                "enabled": true,
                                                "type": "Text",
                                                "name": "unit",
                                                "value": "50"
                                            },
                                            {
                                                "enabled": true,
                                                "type": "Text",
                                                "name": "price",
                                                "value": "150"
                                            },
                                            {
                                                "enabled": true,
                                                "type": "Text",
                                                "name": "offerprice",
                                                "value": "120"
                                            },
                                            {
                                                "enabled": true,
                                                "type": "Text",
                                                "name": "stock",
                                                "value": ""
                                            },
                                            {
                                                "enabled": true,
                                                "type": "Text",
                                                "name": "image",
                                                "value": "10"
                                            },
                                            {
                                                "enabled": true,
                                                "type": "Text",
                                                "name": "status",
                                                "value": "1"
                                            }
                                        ]
                                    },
                                    "bodyType": "Form",
                                    "autoSetLength": true
                                },
                                "headersType": "Form",
                                "uri": {
                                    "query": {
                                        "delimiter": "&",
                                        "items": []
                                    },
                                    "scheme": {
                                        "name": "http",
                                        "version": "V11"
                                    },
                                    "host": "localhost:3000",
                                    "path": "/api/v1/products"
                                },
                                "id": "ae2aad83-9981-4962-ba9b-1d906351969c",
                                "name": "POST /api/v1/products/",
                                "headers": [
                                    {
                                        "enabled": true,
                                        "name": "Content-Type",
                                        "value": "application/x-www-form-urlencoded"
                                    }
                                ],
                                "parentId": "03fa7d16-d2fc-413d-9347-17fab81c3022"
                            }
                        },
                        {
                            "entity": {
                                "type": "Request",
                                "method": {
                                    "requestBody": true,
                                    "link": "http://tools.ietf.org/html/rfc7231#section-4.3.4",
                                    "name": "PUT"
                                },
                                "body": {
                                    "formBody": {
                                        "overrideContentType": true,
                                        "encoding": "application/x-www-form-urlencoded",
                                        "items": [
                                            {
                                                "enabled": true,
                                                "type": "Text",
                                                "name": "cid",
                                                "value": "1"
                                            },
                                            {
                                                "enabled": true,
                                                "type": "Text",
                                                "name": "sku",
                                                "value": "002"
                                            },
                                            {
                                                "enabled": true,
                                                "type": "Text",
                                                "name": "name",
                                                "value": "Product1"
                                            },
                                            {
                                                "enabled": true,
                                                "type": "Text",
                                                "name": "description",
                                                "value": "Lorem ipsum dolor sit amet, consectetur adipiscing elit. Nam neque erat, egestas ac rutrum vel, elementum at dui. Praesent bibendum ipsum vel imperdiet lacinia. Fusce non eros metus. Donec rhoncus, massa non tincidunt elementum, dui arcu convallis mauris, nec faucibus neque ex vel enim. Integer eget dui risus. Quisque fringilla congue elit. Praesent tempus maximus faucibus. Duis porttitor, purus et malesuada efficitur, urna magna consectetur lectus, dignissim commodo nisi libero et turpis."
                                            },
                                            {
                                                "enabled": true,
                                                "type": "Text",
                                                "name": "unit",
                                                "value": "50"
                                            },
                                            {
                                                "enabled": true,
                                                "type": "Text",
                                                "name": "price",
                                                "value": "150"
                                            },
                                            {
                                                "enabled": true,
                                                "type": "Text",
                                                "name": "offerprice",
                                                "value": "120"
                                            },
                                            {
                                                "enabled": true,
                                                "type": "Text",
                                                "name": "stock",
                                                "value": "50"
                                            },
                                            {
                                                "enabled": true,
                                                "type": "Text",
                                                "name": "image",
                                                "value": "20"
                                            },
                                            {
                                                "enabled": true,
                                                "type": "Text",
                                                "name": "status",
                                                "value": "1"
                                            }
                                        ]
                                    },
                                    "bodyType": "Form",
                                    "autoSetLength": true
                                },
                                "headersType": "Form",
                                "uri": {
                                    "query": {
                                        "delimiter": "&",
                                        "items": []
                                    },
                                    "scheme": {
                                        "name": "http",
                                        "version": "V11"
                                    },
                                    "host": "localhost:3000",
                                    "path": "/api/v1/products/3"
                                },
                                "id": "7db17dd3-4803-4914-b0c0-5b898f6a3d08",
                                "name": "PUT /api/v1/products/1",
                                "headers": [
                                    {
                                        "enabled": true,
                                        "name": "Content-Type",
                                        "value": "application/x-www-form-urlencoded"
                                    }
                                ],
                                "parentId": "03fa7d16-d2fc-413d-9347-17fab81c3022"
                            }
                        }
                    ]
                },
                {
                    "entity": {
                        "type": "Scenario",
                        "description": "Categoreis Crud Operations",
                        "id": "5da02ff0-6c2f-4f47-93a4-2da2e7fc7a2a",
                        "name": "Categories Crud",
                        "parentId": "189e9bf2-59bb-4ef5-8e0a-6101f9fa63ab"
                    },
                    "children": [
                        {
                            "entity": {
                                "type": "Request",
                                "method": {
                                    "link": "http://tools.ietf.org/html/rfc7231#section-4.3.1",
                                    "name": "GET"
                                },
                                "body": {
                                    "formBody": {
                                        "overrideContentType": true,
                                        "encoding": "application/x-www-form-urlencoded",
                                        "items": []
                                    },
                                    "bodyType": "Text",
                                    "autoSetLength": true
                                },
                                "headersType": "Form",
                                "uri": {
                                    "query": {
                                        "delimiter": "&",
                                        "items": []
                                    },
                                    "scheme": {
                                        "name": "http",
                                        "version": "V11"
                                    },
                                    "host": "localhost:3000",
                                    "path": "/api/v1/categories"
                                },
                                "id": "515bf87c-6209-427c-9974-da175732d9b4",
                                "name": "GET /api/v1/categories",
                                "weight": "Q",
                                "headers": [],
                                "parentId": "5da02ff0-6c2f-4f47-93a4-2da2e7fc7a2a"
                            }
                        },
                        {
                            "entity": {
                                "type": "Request",
                                "method": {
                                    "link": "http://tools.ietf.org/html/rfc7231#section-4.3.1",
                                    "name": "GET"
                                },
                                "body": {
                                    "formBody": {
                                        "overrideContentType": true,
                                        "encoding": "application/x-www-form-urlencoded",
                                        "items": []
                                    },
                                    "bodyType": "Text",
                                    "autoSetLength": true
                                },
                                "headersType": "Form",
                                "uri": {
                                    "query": {
                                        "delimiter": "&",
                                        "items": []
                                    },
                                    "scheme": {
                                        "name": "http",
                                        "version": "V11"
                                    },
                                    "host": "localhost:3000",
                                    "path": "/api/v1/categories/2"
                                },
                                "id": "c8a88244-99db-4530-8a61-da8098b26b78",
                                "name": "GET /api/v1/categories/1",
                                "weight": "h",
                                "headers": [],
                                "parentId": "5da02ff0-6c2f-4f47-93a4-2da2e7fc7a2a"
                            }
                        },
                        {
                            "entity": {
                                "type": "Request",
                                "method": {
                                    "requestBody": true,
                                    "link": "http://tools.ietf.org/html/rfc7231#section-4.3.3",
                                    "name": "POST"
                                },
                                "body": {
                                    "formBody": {
                                        "overrideContentType": true,
                                        "encoding": "application/x-www-form-urlencoded",
                                        "items": [
                                            {
                                                "enabled": true,
                                                "type": "Text",
                                                "name": "name",
                                                "value": "Testing"
                                            },
                                            {
                                                "enabled": true,
                                                "type": "Text",
                                                "name": "type",
                                                "value": "2"
                                            }
                                        ]
                                    },
                                    "bodyType": "Form",
                                    "autoSetLength": true
                                },
                                "headersType": "Form",
                                "uri": {
                                    "scheme": {
                                        "name": "http",
                                        "version": "V11"
                                    },
                                    "host": "localhost:3000",
                                    "path": "/api/v1/categories"
                                },
                                "id": "8aeca5b2-50ec-4391-b0b9-5619dabf3735",
                                "name": "POST /api/v1/categories/",
                                "weight": "o",
                                "headers": [
                                    {
                                        "enabled": true,
                                        "name": "Content-Type",
                                        "value": "application/x-www-form-urlencoded"
                                    }
                                ],
                                "parentId": "5da02ff0-6c2f-4f47-93a4-2da2e7fc7a2a"
                            }
                        },
                        {
                            "entity": {
                                "type": "Request",
                                "method": {
                                    "link": "http://tools.ietf.org/html/rfc7231#section-4.3.5",
                                    "name": "DELETE"
                                },
                                "body": {
                                    "formBody": {
                                        "overrideContentType": true,
                                        "encoding": "application/x-www-form-urlencoded",
                                        "items": []
                                    },
                                    "bodyType": "Text",
                                    "autoSetLength": true
                                },
                                "headersType": "Form",
                                "uri": {
                                    "query": {
                                        "delimiter": "&",
                                        "items": []
                                    },
                                    "scheme": {
                                        "name": "http",
                                        "version": "V11"
                                    },
                                    "host": "localhost:3000",
                                    "path": "/api/v1/categories/8"
                                },
                                "id": "497abef6-665a-435a-900b-55a2d34a6e1a",
                                "name": "DELETE /api/v1/categories/1",
                                "weight": "u",
                                "headers": [],
                                "parentId": "5da02ff0-6c2f-4f47-93a4-2da2e7fc7a2a"
                            }
                        },
                        {
                            "entity": {
                                "type": "Request",
                                "method": {
                                    "requestBody": true,
                                    "link": "http://tools.ietf.org/html/rfc7231#section-4.3.4",
                                    "name": "PUT"
                                },
                                "body": {
                                    "formBody": {
                                        "overrideContentType": true,
                                        "encoding": "application/x-www-form-urlencoded",
                                        "items": [
                                            {
                                                "enabled": true,
                                                "type": "Text",
                                                "name": "name",
                                                "value": "Vehicle"
                                            },
                                            {
                                                "enabled": true,
                                                "type": "Text",
                                                "name": "type",
                                                "value": "1"
                                            }
                                        ]
                                    },
                                    "bodyType": "Form",
                                    "autoSetLength": true
                                },
                                "headersType": "Form",
                                "uri": {
                                    "query": {
                                        "delimiter": "&",
                                        "items": []
                                    },
                                    "scheme": {
                                        "name": "http",
                                        "version": "V11"
                                    },
                                    "host": "localhost:3000",
                                    "path": "/api/v1/categories/7"
                                },
                                "id": "09750913-ea4f-4eda-9b87-83658f7e4085",
                                "name": "PUT /api/v1/categories/1",
                                "weight": "y",
                                "headers": [
                                    {
                                        "enabled": true,
                                        "name": "Content-Type",
                                        "value": "application/x-www-form-urlencoded"
                                    }
                                ],
                                "parentId": "5da02ff0-6c2f-4f47-93a4-2da2e7fc7a2a"
                            }
                        }
                    ]
                }
            ]
        }
    ],
    "front-version": "23.0.2"
}