{
    "version": 5,
    "entities": [
        {
            "entity": {
                "type": "Project",
                "id": "927b8745-944b-4ca1-ae95-bb49d7368e82",
                "name": "Shopping Cart Api"
            },
            "children": [
                {
                    "entity": {
                        "type": "Service",
                        "description": "Cutomers Crud Operation\n",
                        "id": "3babd39e-523a-473a-ae2c-b50bb1d6bb70",
                        "name": "Customers",
                        "parentId": "927b8745-944b-4ca1-ae95-bb49d7368e82"
                    },
                    "children": [
                        {
                            "entity": {
                                "type": "Request",
                                "method": {
                                    "link": "http://tools.ietf.org/html/rfc7231#section-4.3.5",
                                    "name": "DELETE"
                                },
                                "body": {
                                    "formBody": {
                                        "overrideContentType": true,
                                        "encoding": "application/x-www-form-urlencoded",
                                        "items": []
                                    },
                                    "bodyType": "Text",
                                    "autoSetLength": true
                                },
                                "headersType": "Form",
                                "uri": {
                                    "query": {
                                        "delimiter": "&",
                                        "items": []
                                    },
                                    "scheme": {
                                        "name": "http",
                                        "version": "V11"
                                    },
                                    "host": "localhost:3000",
                                    "path": "/api/v1/products/1"
                                },
                                "id": "54a034f3-a0d4-4f3d-9f30-80d954893d48",
                                "name": "DELETE /api/v1/customers/1",
                                "headers": [],
                                "parentId": "3babd39e-523a-473a-ae2c-b50bb1d6bb70"
                            }
                        },
                        {
                            "entity": {
                                "type": "Request",
                                "method": {
                                    "link": "http://tools.ietf.org/html/rfc7231#section-4.3.1",
                                    "name": "GET"
                                },
                                "body": {
                                    "formBody": {
                                        "overrideContentType": true,
                                        "encoding": "application/x-www-form-urlencoded",
                                        "items": []
                                    },
                                    "bodyType": "Text",
                                    "autoSetLength": true
                                },
                                "headersType": "Form",
                                "uri": {
                                    "query": {
                                        "delimiter": "&",
                                        "items": []
                                    },
                                    "scheme": {
                                        "name": "http",
                                        "version": "V11"
                                    },
                                    "host": "localhost:3000",
                                    "path": "/api/v1/customers"
                                },
                                "id": "8eeb34ff-c2d6-4d7d-8d17-c63d77c363fa",
                                "name": "GET /api/v1/customers",
                                "headers": [],
                                "parentId": "3babd39e-523a-473a-ae2c-b50bb1d6bb70"
                            }
                        },
                        {
                            "entity": {
                                "type": "Request",
                                "method": {
                                    "link": "http://tools.ietf.org/html/rfc7231#section-4.3.1",
                                    "name": "GET"
                                },
                                "body": {
                                    "formBody": {
                                        "overrideContentType": true,
                                        "encoding": "application/x-www-form-urlencoded",
                                        "items": []
                                    },
                                    "bodyType": "Text",
                                    "autoSetLength": true
                                },
                                "headersType": "Form",
                                "uri": {
                                    "query": {
                                        "delimiter": "&",
                                        "items": []
                                    },
                                    "scheme": {
                                        "name": "http",
                                        "version": "V11"
                                    },
                                    "host": "localhost:3000",
                                    "path": "/api/v1/products/2"
                                },
                                "id": "a40ccf3a-66ea-41e5-af71-19f6d52367ad",
                                "name": "GET /api/v1/customers/1",
                                "headers": [],
                                "parentId": "3babd39e-523a-473a-ae2c-b50bb1d6bb70"
                            }
                        },
                        {
                            "entity": {
                                "type": "Request",
                                "method": {
                                    "requestBody": true,
                                    "link": "http://tools.ietf.org/html/rfc7231#section-4.3.3",
                                    "name": "POST"
                                },
                                "body": {
                                    "formBody": {
                                        "overrideContentType": true,
                                        "encoding": "application/x-www-form-urlencoded",
                                        "items": [
                                            {
                                                "enabled": true,
                                                "type": "Text",
                                                "name": "FirstName",
                                                "value": "Atulassan"
                                            },
                                            {
                                                "enabled": true,
                                                "type": "Text",
                                                "name": "LastName",
                                                "value": "Athavullah"
                                            },
                                            {
                                                "enabled": true,
                                                "type": "Text",
                                                "name": "UserName",
                                                "value": "atulassan777"
                                            },
                                            {
                                                "enabled": true,
                                                "type": "Text",
                                                "name": "PassWord",
                                                "value": "atul19c$&"
                                            },
                                            {
                                                "enabled": true,
                                                "type": "Text",
                                                "name": "Phone",
                                                "value": "9876543210"
                                            },
                                            {
                                                "enabled": true,
                                                "type": "Text",
                                                "name": "Email",
                                                "value": "atulassan777@gmail.com"
                                            },
                                            {
                                                "enabled": true,
                                                "type": "Text",
                                                "name": "Status",
                                                "value": "0"
                                            }
                                        ]
                                    },
                                    "bodyType": "Form",
                                    "autoSetLength": true
                                },
                                "headersType": "Form",
                                "uri": {
                                    "query": {
                                        "delimiter": "&",
                                        "items": []
                                    },
                                    "scheme": {
                                        "name": "http",
                                        "version": "V11"
                                    },
                                    "host": "localhost:3000",
                                    "path": "/api/v1/customers"
                                },
                                "id": "e6e30144-05a5-434c-9616-2c2ed99b08eb",
                                "name": "POST /api/v1/customers",
                                "headers": [
                                    {
                                        "enabled": true,
                                        "name": "Content-Type",
                                        "value": "application/x-www-form-urlencoded"
                                    }
                                ],
                                "parentId": "3babd39e-523a-473a-ae2c-b50bb1d6bb70"
                            }
                        },
                        {
                            "entity": {
                                "type": "Request",
                                "method": {
                                    "requestBody": true,
                                    "link": "http://tools.ietf.org/html/rfc7231#section-4.3.4",
                                    "name": "PUT"
                                },
                                "body": {
                                    "formBody": {
                                        "overrideContentType": true,
                                        "encoding": "application/x-www-form-urlencoded",
                                        "items": [
                                            {
                                                "enabled": true,
                                                "type": "Text",
                                                "name": "FirstName",
                                                "value": "Athavullah1"
                                            },
                                            {
                                                "enabled": true,
                                                "type": "Text",
                                                "name": "LastName",
                                                "value": "Atulassan"
                                            },
                                            {
                                                "enabled": true,
                                                "type": "Text",
                                                "name": "UserName",
                                                "value": "atulassan007"
                                            },
                                            {
                                                "enabled": true,
                                                "type": "Text",
                                                "name": "PassWord",
                                                "value": "atul19c!@#"
                                            },
                                            {
                                                "enabled": true,
                                                "type": "Text",
                                                "name": "Phone",
                                                "value": "9876543210"
                                            },
                                            {
                                                "enabled": true,
                                                "type": "Text",
                                                "name": "Email",
                                                "value": "atulassan007@gmail.com"
                                            },
                                            {
                                                "enabled": true,
                                                "type": "Text",
                                                "name": "Status",
                                                "value": "1"
                                            }
                                        ]
                                    },
                                    "bodyType": "Form",
                                    "autoSetLength": true
                                },
                                "headersType": "Form",
                                "uri": {
                                    "query": {
                                        "delimiter": "&",
                                        "items": []
                                    },
                                    "scheme": {
                                        "name": "http",
                                        "version": "V11"
                                    },
                                    "host": "localhost:3000",
                                    "path": "/api/v1/customers/1"
                                },
                                "id": "74d5c4ae-07fb-412b-93c7-056e99ac9301",
                                "name": "PUT /api/v1/customers/1",
                                "headers": [
                                    {
                                        "enabled": true,
                                        "name": "Content-Type",
                                        "value": "application/x-www-form-urlencoded"
                                    }
                                ],
                                "parentId": "3babd39e-523a-473a-ae2c-b50bb1d6bb70"
                            }
                        }
                    ]
                },
                {
                    "entity": {
                        "type": "Service",
                        "description": "Product Api",
                        "id": "f6629c0e-3443-4994-a860-49fd67c8b345",
                        "name": "Products",
                        "parentId": "927b8745-944b-4ca1-ae95-bb49d7368e82"
                    },
                    "children": [
                        {
                            "entity": {
                                "type": "Request",
                                "method": {
                                    "link": "http://tools.ietf.org/html/rfc7231#section-4.3.5",
                                    "name": "DELETE"
                                },
                                "body": {
                                    "formBody": {
                                        "overrideContentType": true,
                                        "encoding": "application/x-www-form-urlencoded",
                                        "items": []
                                    },
                                    "bodyType": "Text",
                                    "autoSetLength": true
                                },
                                "headersType": "Form",
                                "uri": {
                                    "query": {
                                        "delimiter": "&",
                                        "items": []
                                    },
                                    "scheme": {
                                        "name": "http",
                                        "version": "V11"
                                    },
                                    "host": "localhost:3000",
                                    "path": "/api/v1/products/1"
                                },
                                "id": "66e8f9f1-321a-44af-8ca9-5747831aaac2",
                                "name": "DELETE /api/v1/products/1",
                                "headers": [],
                                "parentId": "f6629c0e-3443-4994-a860-49fd67c8b345"
                            }
                        },
                        {
                            "entity": {
                                "type": "Request",
                                "method": {
                                    "link": "http://tools.ietf.org/html/rfc7231#section-4.3.1",
                                    "name": "GET"
                                },
                                "body": {
                                    "formBody": {
                                        "overrideContentType": true,
                                        "encoding": "application/x-www-form-urlencoded",
                                        "items": []
                                    },
                                    "bodyType": "Text",
                                    "autoSetLength": true
                                },
                                "headersType": "Form",
                                "uri": {
                                    "query": {
                                        "delimiter": "&",
                                        "items": []
                                    },
                                    "scheme": {
                                        "name": "http",
                                        "version": "V11"
                                    },
                                    "host": "localhost:3000",
                                    "path": "/api/v1/products"
                                },
                                "id": "07b1ad90-da31-4cca-b5cc-62843ef34550",
                                "name": "GET /api/v1/products/",
                                "headers": [],
                                "parentId": "f6629c0e-3443-4994-a860-49fd67c8b345"
                            }
                        },
                        {
                            "entity": {
                                "type": "Request",
                                "method": {
                                    "link": "http://tools.ietf.org/html/rfc7231#section-4.3.1",
                                    "name": "GET"
                                },
                                "body": {
                                    "formBody": {
                                        "overrideContentType": true,
                                        "encoding": "application/x-www-form-urlencoded",
                                        "items": []
                                    },
                                    "bodyType": "Text",
                                    "autoSetLength": true
                                },
                                "headersType": "Form",
                                "uri": {
                                    "query": {
                                        "delimiter": "&",
                                        "items": []
                                    },
                                    "scheme": {
                                        "name": "http",
                                        "version": "V11"
                                    },
                                    "host": "localhost:3000",
                                    "path": "/api/v1/products/3"
                                },
                                "id": "c19f9993-3337-468d-99ec-41608530cd5f",
                                "name": "GET /api/v1/products/1",
                                "headers": [],
                                "parentId": "f6629c0e-3443-4994-a860-49fd67c8b345"
                            }
                        },
                        {
                            "entity": {
                                "type": "Request",
                                "method": {
                                    "requestBody": true,
                                    "link": "http://tools.ietf.org/html/rfc7231#section-4.3.3",
                                    "name": "POST"
                                },
                                "body": {
                                    "formBody": {
                                        "overrideContentType": true,
                                        "encoding": "application/x-www-form-urlencoded",
                                        "items": [
                                            {
                                                "enabled": true,
                                                "type": "Text",
                                                "name": "cid",
                                                "value": "2"
                                            },
                                            {
                                                "enabled": true,
                                                "type": "Text",
                                                "name": "sku",
                                                "value": "002"
                                            },
                                            {
                                                "enabled": true,
                                                "type": "Text",
                                                "name": "name",
                                                "value": "Product2"
                                            },
                                            {
                                                "enabled": true,
                                                "type": "Text",
                                                "name": "description",
                                                "value": "TEstin Testin Testig Testing Testing"
                                            },
                                            {
                                                "enabled": true,
                                                "type": "Text",
                                                "name": "unit",
                                                "value": "50"
                                            },
                                            {
                                                "enabled": true,
                                                "type": "Text",
                                                "name": "price",
                                                "value": "150"
                                            },
                                            {
                                                "enabled": true,
                                                "type": "Text",
                                                "name": "offerprice",
                                                "value": "120"
                                            },
                                            {
                                                "enabled": true,
                                                "type": "Text",
                                                "name": "stock",
                                                "value": ""
                                            },
                                            {
                                                "enabled": true,
                                                "type": "Text",
                                                "name": "image",
                                                "value": "10"
                                            },
                                            {
                                                "enabled": true,
                                                "type": "Text",
                                                "name": "status",
                                                "value": "1"
                                            }
                                        ]
                                    },
                                    "bodyType": "Form",
                                    "autoSetLength": true
                                },
                                "headersType": "Form",
                                "uri": {
                                    "query": {
                                        "delimiter": "&",
                                        "items": []
                                    },
                                    "scheme": {
                                        "name": "http",
                                        "version": "V11"
                                    },
                                    "host": "localhost:3000",
                                    "path": "/api/v1/products"
                                },
                                "id": "5b8d31e3-bfc2-4f0d-b548-e45c96bad67a",
                                "name": "POST /api/v1/products/",
                                "headers": [
                                    {
                                        "enabled": true,
                                        "name": "Content-Type",
                                        "value": "application/x-www-form-urlencoded"
                                    }
                                ],
                                "parentId": "f6629c0e-3443-4994-a860-49fd67c8b345"
                            }
                        },
                        {
                            "entity": {
                                "type": "Request",
                                "method": {
                                    "requestBody": true,
                                    "link": "http://tools.ietf.org/html/rfc7231#section-4.3.4",
                                    "name": "PUT"
                                },
                                "body": {
                                    "formBody": {
                                        "overrideContentType": true,
                                        "encoding": "application/x-www-form-urlencoded",
                                        "items": [
                                            {
                                                "enabled": true,
                                                "type": "Text",
                                                "name": "cid",
                                                "value": "1"
                                            },
                                            {
                                                "enabled": true,
                                                "type": "Text",
                                                "name": "sku",
                                                "value": "002"
                                            },
                                            {
                                                "enabled": true,
                                                "type": "Text",
                                                "name": "name",
                                                "value": "Product1"
                                            },
                                            {
                                                "enabled": true,
                                                "type": "Text",
                                                "name": "description",
                                                "value": "Lorem ipsum dolor sit amet, consectetur adipiscing elit. Nam neque erat, egestas ac rutrum vel, elementum at dui. Praesent bibendum ipsum vel imperdiet lacinia. Fusce non eros metus. Donec rhoncus, massa non tincidunt elementum, dui arcu convallis mauris, nec faucibus neque ex vel enim. Integer eget dui risus. Quisque fringilla congue elit. Praesent tempus maximus faucibus. Duis porttitor, purus et malesuada efficitur, urna magna consectetur lectus, dignissim commodo nisi libero et turpis."
                                            },
                                            {
                                                "enabled": true,
                                                "type": "Text",
                                                "name": "unit",
                                                "value": "50"
                                            },
                                            {
                                                "enabled": true,
                                                "type": "Text",
                                                "name": "price",
                                                "value": "150"
                                            },
                                            {
                                                "enabled": true,
                                                "type": "Text",
                                                "name": "offerprice",
                                                "value": "120"
                                            },
                                            {
                                                "enabled": true,
                                                "type": "Text",
                                                "name": "stock",
                                                "value": "50"
                                            },
                                            {
                                                "enabled": true,
                                                "type": "Text",
                                                "name": "image",
                                                "value": "20"
                                            },
                                            {
                                                "enabled": true,
                                                "type": "Text",
                                                "name": "status",
                                                "value": "1"
                                            }
                                        ]
                                    },
                                    "bodyType": "Form",
                                    "autoSetLength": true
                                },
                                "headersType": "Form",
                                "uri": {
                                    "query": {
                                        "delimiter": "&",
                                        "items": []
                                    },
                                    "scheme": {
                                        "name": "http",
                                        "version": "V11"
                                    },
                                    "host": "localhost:3000",
                                    "path": "/api/v1/products/3"
                                },
                                "id": "eeb13fa3-22ba-466c-afcc-a73ffb13631e",
                                "name": "PUT /api/v1/products/1",
                                "headers": [
                                    {
                                        "enabled": true,
                                        "name": "Content-Type",
                                        "value": "application/x-www-form-urlencoded"
                                    }
                                ],
                                "parentId": "f6629c0e-3443-4994-a860-49fd67c8b345"
                            }
                        }
                    ]
                },
                {
                    "entity": {
                        "type": "Scenario",
                        "description": "Categoreis Crud Operations",
                        "id": "0fd4ac06-6357-4431-8bd7-eb521fc43422",
                        "name": "Categories Crud",
                        "parentId": "927b8745-944b-4ca1-ae95-bb49d7368e82"
                    },
                    "children": [
                        {
                            "entity": {
                                "type": "Request",
                                "method": {
                                    "link": "http://tools.ietf.org/html/rfc7231#section-4.3.1",
                                    "name": "GET"
                                },
                                "body": {
                                    "formBody": {
                                        "overrideContentType": true,
                                        "encoding": "application/x-www-form-urlencoded",
                                        "items": []
                                    },
                                    "bodyType": "Text",
                                    "autoSetLength": true
                                },
                                "headersType": "Form",
                                "uri": {
                                    "query": {
                                        "delimiter": "&",
                                        "items": []
                                    },
                                    "scheme": {
                                        "name": "http",
                                        "version": "V11"
                                    },
                                    "host": "localhost:3000",
                                    "path": "/api/v1/categories"
                                },
                                "id": "eae94b67-19c3-44b8-ba76-5e7d263f9e53",
                                "name": "GET /api/v1/categories",
                                "weight": "Q",
                                "headers": [],
                                "parentId": "0fd4ac06-6357-4431-8bd7-eb521fc43422"
                            }
                        },
                        {
                            "entity": {
                                "type": "Request",
                                "method": {
                                    "link": "http://tools.ietf.org/html/rfc7231#section-4.3.1",
                                    "name": "GET"
                                },
                                "body": {
                                    "formBody": {
                                        "overrideContentType": true,
                                        "encoding": "application/x-www-form-urlencoded",
                                        "items": []
                                    },
                                    "bodyType": "Text",
                                    "autoSetLength": true
                                },
                                "headersType": "Form",
                                "uri": {
                                    "query": {
                                        "delimiter": "&",
                                        "items": []
                                    },
                                    "scheme": {
                                        "name": "http",
                                        "version": "V11"
                                    },
                                    "host": "localhost:3000",
                                    "path": "/api/v1/categories/2"
                                },
                                "id": "d5362197-8c8f-44db-93ae-4442fbea95f7",
                                "name": "GET /api/v1/categories/1",
                                "weight": "h",
                                "headers": [],
                                "parentId": "0fd4ac06-6357-4431-8bd7-eb521fc43422"
                            }
                        },
                        {
                            "entity": {
                                "type": "Request",
                                "method": {
                                    "requestBody": true,
                                    "link": "http://tools.ietf.org/html/rfc7231#section-4.3.3",
                                    "name": "POST"
                                },
                                "body": {
                                    "formBody": {
                                        "overrideContentType": true,
                                        "encoding": "application/x-www-form-urlencoded",
                                        "items": [
                                            {
                                                "enabled": true,
                                                "type": "Text",
                                                "name": "name",
                                                "value": "Testing"
                                            },
                                            {
                                                "enabled": true,
                                                "type": "Text",
                                                "name": "type",
                                                "value": "2"
                                            }
                                        ]
                                    },
                                    "bodyType": "Form",
                                    "autoSetLength": true
                                },
                                "headersType": "Form",
                                "uri": {
                                    "scheme": {
                                        "name": "http",
                                        "version": "V11"
                                    },
                                    "host": "localhost:3000",
                                    "path": "/api/v1/categories"
                                },
                                "id": "230cd9c5-c663-4324-b777-8e0a3511ef39",
                                "name": "POST /api/v1/categories/",
                                "weight": "o",
                                "headers": [
                                    {
                                        "enabled": true,
                                        "name": "Content-Type",
                                        "value": "application/x-www-form-urlencoded"
                                    }
                                ],
                                "parentId": "0fd4ac06-6357-4431-8bd7-eb521fc43422"
                            }
                        },
                        {
                            "entity": {
                                "type": "Request",
                                "method": {
                                    "link": "http://tools.ietf.org/html/rfc7231#section-4.3.5",
                                    "name": "DELETE"
                                },
                                "body": {
                                    "formBody": {
                                        "overrideContentType": true,
                                        "encoding": "application/x-www-form-urlencoded",
                                        "items": []
                                    },
                                    "bodyType": "Text",
                                    "autoSetLength": true
                                },
                                "headersType": "Form",
                                "uri": {
                                    "query": {
                                        "delimiter": "&",
                                        "items": []
                                    },
                                    "scheme": {
                                        "name": "http",
                                        "version": "V11"
                                    },
                                    "host": "localhost:3000",
                                    "path": "/api/v1/categories/8"
                                },
                                "id": "da5bf5b8-2cc2-4b21-bc78-846f24bf100a",
                                "name": "DELETE /api/v1/categories/1",
                                "weight": "u",
                                "headers": [],
                                "parentId": "0fd4ac06-6357-4431-8bd7-eb521fc43422"
                            }
                        },
                        {
                            "entity": {
                                "type": "Request",
                                "method": {
                                    "requestBody": true,
                                    "link": "http://tools.ietf.org/html/rfc7231#section-4.3.4",
                                    "name": "PUT"
                                },
                                "body": {
                                    "formBody": {
                                        "overrideContentType": true,
                                        "encoding": "application/x-www-form-urlencoded",
                                        "items": [
                                            {
                                                "enabled": true,
                                                "type": "Text",
                                                "name": "name",
                                                "value": "Vehicle"
                                            },
                                            {
                                                "enabled": true,
                                                "type": "Text",
                                                "name": "type",
                                                "value": "1"
                                            }
                                        ]
                                    },
                                    "bodyType": "Form",
                                    "autoSetLength": true
                                },
                                "headersType": "Form",
                                "uri": {
                                    "query": {
                                        "delimiter": "&",
                                        "items": []
                                    },
                                    "scheme": {
                                        "name": "http",
                                        "version": "V11"
                                    },
                                    "host": "localhost:3000",
                                    "path": "/api/v1/categories/7"
                                },
                                "id": "4cdf124b-596a-4046-b1d1-6a077460acc4",
                                "name": "PUT /api/v1/categories/1",
                                "weight": "y",
                                "headers": [
                                    {
                                        "enabled": true,
                                        "name": "Content-Type",
                                        "value": "application/x-www-form-urlencoded"
                                    }
                                ],
                                "parentId": "0fd4ac06-6357-4431-8bd7-eb521fc43422"
                            }
                        }
                    ]
                }
            ]
        }
    ],
    "front-version": "23.0.3"
}